{
  "" : {
    "transaction" : "",
    "sampleCount" : 1205,
    "errorCount" : 0,
    "errorPct" : 0.0,
    "meanResTime" : 434.6033195020747,
    "medianResTime" : 254.0,
    "minResTime" : 63.0,
    "maxResTime" : 13283.0,
    "pct1ResTime" : 926.0,
    "pct2ResTime" : 1079.1000000000001,
    "pct3ResTime" : 1372.8200000000002,
    "throughput" : 48.101872180751265,
    "receivedKBytesPerSec" : 40.576247891800726,
    "sentKBytesPerSec" : 72.62590565246897
  },
  "-60" : {
    "transaction" : "-60",
    "sampleCount" : 300,
    "errorCount" : 0,
    "errorPct" : 0.0,
    "meanResTime" : 216.39333333333337,
    "medianResTime" : 95.5,
    "minResTime" : 47.0,
    "maxResTime" : 12396.0,
    "pct1ResTime" : 219.0,
    "pct2ResTime" : 234.0,
    "pct3ResTime" : 549.1600000000008,
    "throughput" : 12.15854745886358,
    "receivedKBytesPerSec" : 3.3246028207830105,
    "sentKBytesPerSec" : 5.556836143308746
  },
  "-50" : {
    "transaction" : "-50",
    "sampleCount" : 320,
    "errorCount" : 0,
    "errorPct" : 0.0,
    "meanResTime" : 70.40937500000001,
    "medianResTime" : 65.0,
    "minResTime" : 63.0,
    "maxResTime" : 155.0,
    "pct1ResTime" : 100.0,
    "pct2ResTime" : 103.0,
    "pct3ResTime" : 143.0,
    "throughput" : 18.93267068985919,
    "receivedKBytesPerSec" : 4.270944266950656,
    "sentKBytesPerSec" : 8.967134066974323
  },
  "-61" : {
    "transaction" : "-61",
    "sampleCount" : 307,
    "errorCount" : 0,
    "errorPct" : 0.0,
    "meanResTime" : 220.2833876221498,
    "medianResTime" : 198.0,
    "minResTime" : 46.0,
    "maxResTime" : 12200.0,
    "pct1ResTime" : 220.39999999999998,
    "pct2ResTime" : 266.0,
    "pct3ResTime" : 631.5600000000015,
    "throughput" : 13.04163126593033,
    "receivedKBytesPerSec" : 3.566071049277825,
    "sentKBytesPerSec" : 5.960433039507222
  },
  "-51" : {
    "transaction" : "-51",
    "sampleCount" : 318,
    "errorCount" : 0,
    "errorPct" : 0.0,
    "meanResTime" : 191.20440251572322,
    "medianResTime" : 199.5,
    "minResTime" : 46.0,
    "maxResTime" : 12213.0,
    "pct1ResTime" : 238.10000000000002,
    "pct2ResTime" : 265.60000000000014,
    "pct3ResTime" : 583.7000000000002,
    "throughput" : 11.860361032373564,
    "receivedKBytesPerSec" : 3.243067469789646,
    "sentKBytesPerSec" : 5.42055562807698
  },
  "-62" : {
    "transaction" : "-62",
    "sampleCount" : 290,
    "errorCount" : 0,
    "errorPct" : 0.0,
    "meanResTime" : 65.53793103448278,
    "medianResTime" : 65.0,
    "minResTime" : 63.0,
    "maxResTime" : 76.0,
    "pct1ResTime" : 67.0,
    "pct2ResTime" : 69.0,
    "pct3ResTime" : 72.0,
    "throughput" : 18.56356420432723,
    "receivedKBytesPerSec" : 4.1876790343746,
    "sentKBytesPerSec" : 8.792313124119831
  },
  "-52" : {
    "transaction" : "-52",
    "sampleCount" : 319,
    "errorCount" : 0,
    "errorPct" : 0.0,
    "meanResTime" : 65.435736677116,
    "medianResTime" : 65.0,
    "minResTime" : 64.0,
    "maxResTime" : 75.0,
    "pct1ResTime" : 67.0,
    "pct2ResTime" : 68.0,
    "pct3ResTime" : 71.80000000000001,
    "throughput" : 19.009594183898457,
    "receivedKBytesPerSec" : 4.288297125469281,
    "sentKBytesPerSec" : 9.00356755780347
  },
  "-53" : {
    "transaction" : "-53",
    "sampleCount" : 313,
    "errorCount" : 0,
    "errorPct" : 0.0,
    "meanResTime" : 186.98722044728427,
    "medianResTime" : 197.0,
    "minResTime" : 46.0,
    "maxResTime" : 12057.0,
    "pct1ResTime" : 233.60000000000002,
    "pct2ResTime" : 372.0000000000002,
    "pct3ResTime" : 529.5000000000003,
    "throughput" : 12.73444810610684,
    "receivedKBytesPerSec" : 3.4820756540135887,
    "sentKBytesPerSec" : 5.820040735994141
  },
  "-54" : {
    "transaction" : "-54",
    "sampleCount" : 313,
    "errorCount" : 0,
    "errorPct" : 0.0,
    "meanResTime" : 29.99361022364219,
    "medianResTime" : 27.0,
    "minResTime" : 24.0,
    "maxResTime" : 62.0,
    "pct1ResTime" : 51.60000000000002,
    "pct2ResTime" : 55.0,
    "pct3ResTime" : 61.0,
    "throughput" : 18.8667872212176,
    "receivedKBytesPerSec" : 5.234645776823387,
    "sentKBytesPerSec" : 8.84380650994575
  },
  "-55" : {
    "transaction" : "-55",
    "sampleCount" : 308,
    "errorCount" : 0,
    "errorPct" : 0.0,
    "meanResTime" : 65.73051948051956,
    "medianResTime" : 65.0,
    "minResTime" : 63.0,
    "maxResTime" : 84.0,
    "pct1ResTime" : 67.0,
    "pct2ResTime" : 70.0,
    "pct3ResTime" : 77.91000000000003,
    "throughput" : 18.96551724137931,
    "receivedKBytesPerSec" : 4.278353987068966,
    "sentKBytesPerSec" : 9.019733297413794
  },
  "-56" : {
    "transaction" : "-56",
    "sampleCount" : 308,
    "errorCount" : 0,
    "errorPct" : 0.0,
    "meanResTime" : 159.14935064935074,
    "medianResTime" : 199.0,
    "minResTime" : 46.0,
    "maxResTime" : 681.0,
    "pct1ResTime" : 259.8000000000002,
    "pct2ResTime" : 443.6500000000005,
    "pct3ResTime" : 568.670000000001,
    "throughput" : 18.806863283873728,
    "receivedKBytesPerSec" : 5.142501679184222,
    "sentKBytesPerSec" : 8.595324235207913
  },
  "-57" : {
    "transaction" : "-57",
    "sampleCount" : 305,
    "errorCount" : 0,
    "errorPct" : 0.0,
    "meanResTime" : 301.27540983606565,
    "medianResTime" : 198.0,
    "minResTime" : 46.0,
    "maxResTime" : 12379.0,
    "pct1ResTime" : 221.0,
    "pct2ResTime" : 305.4,
    "pct3ResTime" : 12111.46,
    "throughput" : 11.985695759814517,
    "receivedKBytesPerSec" : 3.277338684324282,
    "sentKBytesPerSec" : 5.477837515227728
  },
  "-58" : {
    "transaction" : "-58",
    "sampleCount" : 294,
    "errorCount" : 0,
    "errorPct" : 0.0,
    "meanResTime" : 221.1088435374149,
    "medianResTime" : 72.5,
    "minResTime" : 46.0,
    "maxResTime" : 12206.0,
    "pct1ResTime" : 221.5,
    "pct2ResTime" : 265.25,
    "pct3ResTime" : 1197.5500000001302,
    "throughput" : 14.142774677698672,
    "receivedKBytesPerSec" : 3.8671649509332306,
    "sentKBytesPerSec" : 6.463689989416971
  },
  "-59" : {
    "transaction" : "-59",
    "sampleCount" : 296,
    "errorCount" : 0,
    "errorPct" : 0.0,
    "meanResTime" : 181.1418918918918,
    "medianResTime" : 198.0,
    "minResTime" : 47.0,
    "maxResTime" : 12049.0,
    "pct1ResTime" : 217.3,
    "pct2ResTime" : 232.14999999999998,
    "pct3ResTime" : 517.8799999999947,
    "throughput" : 18.70576339737108,
    "receivedKBytesPerSec" : 5.114857178968656,
    "sentKBytesPerSec" : 8.549118427704752
  },
  "Total" : {
    "transaction" : "Total",
    "sampleCount" : 3991,
    "errorCount" : 0,
    "errorPct" : 0.0,
    "meanResTime" : 151.20270608869947,
    "medianResTime" : 65.0,
    "minResTime" : 24.0,
    "maxResTime" : 12396.0,
    "pct1ResTime" : 214.0,
    "pct2ResTime" : 234.0,
    "pct3ResTime" : 491.0799999999999,
    "throughput" : 147.68354055654234,
    "receivedKBytesPerSec" : 38.23836277475577,
    "sentKBytesPerSec" : 68.4139055214809
  }
}